Depth,Age (peru SST) linear,"age (2 term polynomial, 580 res age)",UK37,SST (peru),C37total (peru),%N,d15N
0,1430.600,598.520,0.748,20.840,16.83,0.00657315,7.126647175
1.5,1453.600,634.182,0.748,20.840,16.99,,
2,1461.271057,646.055,,,,0.005909455,7.437440307
3,1476.600,669.779,0.764,21.330,12.22,,
4.5,1499.600,705.311,0.759,21.170,8.39,0.005164014,8.507080658
6,1522.500,740.779,0.756,21.100,14.48,0.005448853,7.368069612
7.5,1545.500,776.183,0.762,21.260,15.94,0.005711985,7.5290298
9,1568.500,811.521,0.778,21.740,8.85,,
10.5,1591.400,846.795,0.781,21.830,9.38,0.004733904,8.806017423
12,1614.400,882.005,0.783,21.870,13.22,0.005442741,7.10163559
13.5,1637.400,917.150,0.776,21.690,12.28,0.005403251,7.008510285
15,1660.400,952.230,0.777,21.700,17.25,,
16.5,1683.300,987.246,0.772,21.550,15.27,0.005847782,6.144506693
18,1706.300,1022.197,0.772,21.570,16.55,0.005688616,6.263578184
19.5,1729.300,1057.084,0.771,21.520,21.7782648,0.005660553,5.726162582
21,1752.200,1091.906,0.770,21.510,17.98,,
22.5,1775.200,1126.663,0.771,21.540,16.8,0.005541833,5.790071716
24,1798.200,1161.356,0.765,21.364,17.93,0.005702654,6.265266836
25.5,1821.100,1195.984,0.762,21.250,17.59,0.005386091,5.71842378
27,1844.100,1230.548,0.764,21.330,16.72,,
28.5,1867.100,1265.047,0.765,21.350,22.02,0.005923169,6.184813744
30,1890.100,1299.481,0.769,21.480,19.21,0.00608744,6.311484078
31.5,1913.000,1333.851,0.763,21.300,16.13,0.006082713,6.255565878
33,1936.000,1368.156,0.754,21.036,20.89,,
34.5,1959.000,1402.397,0.752,20.970,22.92,0.005073163,5.827747658
36,1981.900,1436.573,0.762,21.250,18.94,0.005008517,5.669079396
37.5,2004.900,1470.684,0.754,21.020,13.59,0.004369843,5.691840642
39,2027.900,1504.731,0.755,21.050,21.92,,
40.5,2048.000,1538.714,0.749,20.890,15.22,0.00500099,6.103626457
42,2073.800,1572.631,0.758,21.150,15,0.004945548,7.369930083
43.5,2096.800,1606.484,0.735,20.464,13.13,0.00525644,6.331085873
45,2119.800,1640.273,0.739,20.580,12.24,0.005739886,6.368948514
46.5,2142.700,1673.997,0.754,21.040,10.16,,
48,2165.700,1707.656,0.746,20.800,15.26,0.005334186,5.02918323
49.5,2188.700,1741.251,0.738,20.570,21.44,,
51,2211.700,1774.781,0.736,20.500,13.22,,
52.5,2234.600,1808.246,0.735,20.480,17.93,0.006145388,5.856179552
54,2257.595712,1841.647,,,,0.006463704,7.741903106
55.5,2280.600,1874.983,0.726,20.200,21.07,0.006482741,7.87567296
56.25,,1891.627,,,,,
57,2303.537519,1908.255,,,,,
58,2318.851455,1930.400,,,,0.00721495,7.827612404
59,2334.200,1952.517,0.726,20.220,20.94,,
,,,,,,,
60,2349.500,1974.605,0.741,20.660,21.14,0.006394428,8.002222272
61,2364.800,1996.664,0.735,20.460,21.82,,
62,2380.107198,2018.694,,,,0.005401201,7.311571425
63,2395.400,2040.696,0.736,20.500,22.46,,
,,,,,,,
64,2410.700,2062.669,0.718,19.970,21.52,0.005377757,7.817120659
,,,,,,,
65.5,2433.700,2095.575,0.733,20.410,14.03,,
65.76,,2101.272,,,,,
66.5,2449.000,2117.476,0.743,20.700,7.16,0.006876471,5.495175117
,,,,,,,
,,,,,,,
,,,,,,,
67.5,2464.300,2139.349,0.738,20.560,7.51,,
67.75,,2144.812,,,,,
68.5,2479.600,2161.193,0.757,21.110,7.24,0.006783543,6.181807958
,,,,,,,
69.5,2495.000,2183.008,0.751,20.950,14.88,,
70.5,2510.300,2204.794,0.734,20.453,16.52790504,0.007930873,6.339426365
71.5,2525.600,2226.552,0.732,20.380,18.88,,
72.5,2540.900,2248.281,0.733,20.410,21.59,0.005819046,6.617170266
73.5,2556.200,2269.981,0.736,20.490,20.17149416,,
74.5,2571.500,2291.653,0.734,20.450,18.78,0.004271165,8.168291694
75,2579.188361,2302.478,,,,,
75.5,2586.800,2313.295,0.752,20.970,15.12,,
76.5,2602.200,2334.910,0.751,20.940,10.41,0.003618357,8.650029815
77,2609.816233,2345.706,,,,,
77.5,2617.500,2356.495,0.733,20.400,6.85,,
78.5,2632.800,2378.052,0.765,21.350,9.11,0.004853637,7.346475842
79,2640.444104,2388.819,,,,,
79.5,2648.100,2399.580,0.755,21.050,9.52,,
80.5,2663.400,2421.079,0.762,21.270,6.88,0.006275745,6.21970382
81,2671.071975,2431.818,,,,,
81.5,2678.700,2442.550,0.755,21.050,10.59,,
82,2686.385911,2453.274,0.748,20.860,7.370,0.006389845,6.278234113
82.5,2694.042879,2463.992,0.762,21.250,12.12,,
83,2701.699847,2474.702,,,,,
83.5,2709.400,2485.405,0.760,21.200,16.83,,
84,2717.013783,2496.101,,,,0.007958244,6.181228979
84.5,2724.67075,2506.789,0.725,20.181,11.46829424,,
85,2732.327718,2517.471,,,,,
85.5,2739.984686,2528.145,0.751,20.928,14.65797143,,
86,2747.641654,2538.812,0.746,,,0.006385702,6.047306231
86.5,2755.298622,2549.472,0.758,21.135,19.75651289,,
87,2762.95559,2560.125,,,,,
87.5,2770.612557,2570.771,0.750,20.912,18.15086486,,
88,2778.269525,2581.409,,,,0.008753148,6.121436506
88.5,2785.926493,2592.040,0.758,21.150,16.67660522,,
89,2793.583461,2602.664,,,,,
89.5,2801.240429,2613.281,0.762,21.264,17.35778897,,
90,2808.897397,2623.891,,,,0.008380472,5.934581467
90.5,2816.554364,2634.494,0.763,21.280,13.97197105,,
91,2824.211332,2645.089,,,,,
91.5,2831.8683,2655.677,0.754,21.032,15.79452299,,
92,2839.525268,2666.258,,,,0.007376938,5.928475218
92.5,2847.182236,2676.832,0.767,21.405,13.42127712,,
93,2854.839204,2687.399,,,,,
93.5,2862.496172,2697.958,0.767,21.420,12.27388945,,
94,2870.153139,2708.510,,,,0.006575727,6.392136433
94.5,2877.810107,2719.055,0.748,20.844,14.0660874,,
95,2885.467075,2729.593,0.747,20.817,17.29010224,,
95.5,2893.124043,2740.124,,,,,
96,2900.781011,2750.648,0.743,20.715,14.94010952,0.007020839,6.623679343
96.5,2908.437979,2761.164,,,,,
97,2916.094946,2771.673,0.742,20.669,13.06114573,,
97.5,2923.751914,2782.175,,,,,
98,2931.408882,2792.670,0.738,20.570,13.90549997,0.006189459,7.017991634
99,2946.722818,2813.638,0.728,20.278,16.99113471,,
99.5,2954.379786,2824.112,,,,,
100,2962.036753,2834.578,0.741,20.641,11.24815016,0.004179936,7.418251014
100.5,2969.693721,2845.037,,,,,
101,2977.350689,2855.489,0.769,21.484,13.47453551,,
101.5,2985.007657,2865.933,,,,,
102,2992.664625,2876.371,0.748,20.850,14.55321209,0.004628164,8.120181099
103.5,3015.635528,2907.640,0.724,20.153,16.71860759,,
104,3023.292496,2918.049,,,,0.005960675,7.333151777
104.5,3030.949464,2928.451,0.735,20.474,16.63463814,,
105,3038.606432,2938.845,,,,,
105.5,3046.2634,2949.232,0.702,19.509,13.39255101,,
106,3053.920368,2959.612,,,,,
106.5,3061.577335,2969.985,0.700,19.435,10.75817741,,
107,3069.234303,2980.351,,,,,
107.5,3076.891271,2990.709,0.716,19.904,13.02312091,,
108,3084.548239,3001.061,,,,,
108.5,3092.205207,3011.405,0.723,20.114,6.286272038,0.005389267,8.536593259
109,3099.862175,3021.742,,,,,
110.5,3122.833078,3052.710,,,,0.006046043,6.761403341
110.5,3122.833078,3052.710,0.735,20.468,8.88606313,,
111.5,3138.147014,3073.319,,,,,
112,3145.803982,3083.613,0.728,20.267,13.89213978,0.005886672,6.342345329
113,3161.117917,3104.179,,,,0.005203969,6.753099452
115.5,3199.400,3155.469,0.725,20.180,21.50183535,0.005510534,6.718058824
116.5,3214.700,3175.935,0.737,20.540,24.26,0.004477686,6.351400873
118,3237.700,3206.580,0.749,20.870,18.55,,
119.5,3260.700,3237.160,0.765,21.350,12.84,0.005139966,7.451112923
120.5,3275.972435,3257.511,,,,,
121,3283.600,3267.676,0.767,21.420,16.18,0.007640865,5.576483484
122,3298.943338,3287.984,,,,,
122.5,3306.600,3298.127,0.749,20.890,16.3,,
123,3314.257274,3308.263,,,,0.005937797,5.555714078
124,3329.600,3328.514,0.732,20.370,24.56,,
125.5,3352.500,3358.836,0.729,20.298,12.15963623,0.006913651,7.427601903
127,3375.500,3389.093,0.735,20.470,14.53,0.007997606,6.000204885
128.5,3398.500,3419.286,0.737,20.515,11.76,,
129,3406.140888,3429.336,,,,0.007138949,7.026597307
130,3421.500,3449.414,0.715,19.880,16.08,,
131,3436.76876,3469.464,,,,,
131.5,3444.400,3479.478,0.721,20.050,11.87,0.004662678,7.607279148
132.5,3459.739663,3499.484,,,,,
133,3467.397,3509.477,0.724,20.144,13.49148572,0.005367423,6.471487532
133.5,3475.054,3519.462,0.755,,,,
134,3482.711,3529.440,,,,,
134.5,3490.368,3539.411,0.741,20.650,19.96409742,,
135,3498.025,3549.375,,,,0.005356709,5.719483546
135.5,3505.681,3559.331,0.745,20.765,16.55236459,0.005356709,5.719483546
136,3513.338,3569.281,,,,,
136.5,3520.995,3579.223,0.766,,,,
137,3528.652,3589.158,0.781,21.824,14.87720055,0.004566515,7.081775558
137.5,3536.309,3599.086,0.789,,,0.004566515,7.081775558
138,3543.966,3609.007,0.781,,,,
138.5,3551.623,3618.920,0.771,21.538,9.159591713,,
139,3559.280,3628.827,,,,0.006577053,5.289130875
139.5,3566.937,3638.726,,,,,
140,3574.594181,3648.618,0.738,20.564,20.02115823,,
141.5,3597.600,3678.251,0.739,20.600,18.75,0.005849133,5.853629724
143,3620.500,3707.819,0.733,20.400,21.71,0.00615334,5.985850382
144.5,3643.500,3737.323,0.746,20.790,23.33,0.005878206,6.290971145
146.5,3674.100,3776.561,0.766,21.370,22.31,,
147.5,3689.400,3796.136,0.758,21.140,20.7,0.005180492,5.885122782
149,3712.400,3825.446,0.759,21.170,21.84,0.005229881,6.725831157
150.5,3735.400,3854.692,0.751,20.950,18.01,,
151,3743.047473,3864.426,,,,0.00511352,6.663576862
152,3758.400,3883.873,0.732,20.370,15.89,,
153.5,3781.300,3912.989,0.749,20.880,16.98,0.004171762,6.45068587
154,3788.98928,3922.680,,,,,
155,3804.300,3942.040,0.746,20.790,12.66,0.004797557,7.016354628
156,3819.617152,3961.372,,,,,
156.5,3827.300,3971.027,0.737,20.540,10.82,,
157,3834.931087,3980.675,,,,0.004577252,7.581353016
158,3850.200,3999.950,0.703,19.530,20.54,,
159.5,3873.200,4028.808,0.726,20.200,20.66,0.005075797,5.583080346
161,3896.200,4057.601,0.775,21.640,19.75,0.005266072,6.114679971
162,3911.500,4076.760,0.745,20.750,16.33,,
162.5,3919.157734,4086.329,,,,,
163,3926.800,4095.891,0.727,20.240,13.6,0.005332512,6.033212515
164,3942.100,4114.993,0.735,20.470,16.89,,
165,3957.400,4134.067,0.752,20.985,8.95,0.004503369,6.87420802
167,3988.100,4172.128,0.773,21.580,11.27,0.00424684,6.47709114
168.5,4011.000,4200.598,0.746,20.800,24.07,,
169,4018.698315,4210.074,,,,0.005131595,7.50155362
170,4034.000,4229.004,0.718,19.960,18.54,,
,,,,,,,
171.5,4057.000,4257.345,0.724,20.160,19.44,0.004652988,6.163019677
173,4080.000,4285.621,0.730,20.310,21.54,0.005018755,6.851864833
,,,,,,,
174.5,4102.900,4313.833,0.749,20.880,16.08,,
,,,,,,0.005001628,8.10157912
176,4125.900,4341.980,0.757,21.130,11.94,,
,,,,,,,
177,4141.200,4360.709,0.756,21.090,9.96,0.004032442,8.997987861
177.5,4148.866769,4370.063,,,,0.004032442,8.997987861
178.5,4164.200,4388.749,0.770,21.510,12.56,,
179,4171.837672,4398.081,,,,0.004853821,5.087970848
179.5,4179.49464,4407.406,,,,0.004853821,5.087970848
180,4187.200,4416.724,0.729,20.280,21.84,,
180.5,4194.808576,4426.035,,,,,
181,4202.465544,4435.338,,,,,
181.5,4210.100,4444.634,0.725,20.190,17.49,0.003891107,5.54264036
182,4217.800,4453.923,0.738,20.560,14.59,,
183,4233.093415,4472.480,,,,0.00498532,6.813843156
184.5,4256.100,4500.261,0.717,19.930,14.28,,
185,4263.721286,4509.508,,,,0.004824988,6.956637122
186,4279.035222,4527.978,0.729,20.300,21.63,,
186.5,4286.69219,4537.203,,,,,
186.75,4290.520674,4541.812,,,,,
187,4294.349158,4546.420,,,,,
187.5,4302.000,4555.630,0.723,20.120,21.9,0.004376331,6.897037218
188,4309.663093,4564.833,,,,,
188.5,4317.320061,4574.029,,,,,
189,4325.000,4583.218,0.728,20.250,20.09,0.004455445,7.430847999
189.5,4332.600,4592.399,0.725,20.190,19.75,,
190,4340.290965,4601.573,,,,,
190.5,4347.947933,4610.740,,,,,
191,4355.600,4619.900,0.751,20.950,15.06,0.005526105,6.096671363
191.5,4363.261868,4629.053,,,,,
192,4370.918836,4638.199,,,,,
192.5,4378.600,4647.337,0.733,20.400,8.54,0.002999595,8.950846781
193,4386.232772,4656.468,,,,,
193.5,4393.88974,4665.592,,,,,
194,4401.500,4674.709,0.758,21.150,6.82,,
194.5,4409.203675,4683.819,,,,,
195,4416.860643,4692.922,,,,0.004637575,6.853688862
195.5,4424.517611,4702.017,0.775,21.650,8.68,0.004637575,6.853688862
197,4447.500,4729.260,0.740,20.620,5.528384885,0.004144673,7.951791905
197.5,4455.100,4738.326,0.731,20.340,7.97,,
198.5,4470.500,4756.438,0.734,20.430,5.89,,
199.5,4485.800,4774.521,0.737,20.540,16.08,0.004159211,8.656748382
200,4493.400,4783.552,0.729,20.280,16.42,,
200.5,4501.087289,4792.576,,,,,
201.5,4516.400,4810.601,0.735,20.460,13.29,0.002779936,8.304635382
202.5,4531.700,4828.598,0.754,21.030,23.14,,
203,4539.400,4837.586,0.724,20.140,17.35,0.00623193,6.706785285
203.5,4547.000,4846.566,0.735,20.460,19.85,,
204,4554.700,4855.540,0.736,20.500,26.03,,
204.5,4562.300,4864.506,0.718,19.980,20.73,,
205,4570,4873.465,,,,0.00741175,7.300770413
206,4585.300,4891.361,0.713,19.820,22.52,,
206.5,4593.000,4900.299,0.723,20.110,29.75,,
207.5,4608.300,4918.152,0.704,19.570,26.64,0.006531857,7.273870766
208,4615.900,4927.068,0.705,19.600,21.31,,
209,4631.300,4944.878,0.739,20.580,19.84101858,0.006849577,6.663142478
209.5,4638.900,4953.773,0.740,20.620,22.15,,
210,4646.569678,4962.660,,,,,
210.5,4654.200,4971.540,0.763,21.290,19.44,,
211.5,4669.500,4989.278,0.752,20.970,14.21,0.005444273,8.224946153
212,4677.200,4998.137,0.745,20.750,15.52,,
213,4692.500,5015.832,0.757,21.110,18.82,0.007584631,7.517616887
213.5,4700.200,5024.669,0.757,21.110,20.6,,
214.5,4715.500,5042.322,0.760,21.200,17.12,,
215,4723.100,5051.137,0.763,21.280,22.56,0.004961458,5.842223785
215.5,4730.800,5059.945,0.767,21.420,27.26,,
216.5,4746.100,5077.540,0.757,21.110,20.64,,
217,4753.767228,5086.327,,,,0.006854617,5.713714193
217.5,4761.400,5095.107,0.769,21.480,21,0.006854617,5.713714193
218,4769.100,5103.879,0.762,21.270,20.99,,
218.5,4776.700,5112.644,0.762,21.270,17.87,,
219,4784.400,5121.402,0.773,21.590,26.62,0.007462578,5.89937652
219.5,4792.100,5130.153,0.760,21.210,22.02,,
220,4799.700,5138.897,,,,,
220.5,4807.400,5147.633,0.770,21.510,16.11235693,,
221,4815.022971,5156.363,,,,0.006932699,5.842617557
223,4845.650842,5191.208,,,,0.007164898,5.890270239
225.5,4883.935681,5234.603,0.748,20.875,12.31416227,0.007208242,6.200787705
227,4906.900,5260.554,0.741,20.640,21.16866,0.005941478,7.195749686
227.5,4914.563553,5269.190,,,,0.005941478,7.195749686
228.5,4929.900,5286.441,0.739,20.590,16.67,,
229,4937.534456,5295.055,,,,0.005305689,7.89307724
230.5,4960.500,5320.856,0.734,20.440,15.54,,
231.5,4975.800,5338.020,,,,0.005157687,8.16997174
232,4983.500,5346.592,0.729,20.280,15.25,,
233.5,5006.400,5372.263,0.723,20.130,17.5,0.006084996,6.326552371
235,5029.400,5397.869,0.738,20.550,17.06,0.006711965,6.360300737
236.5,5052.400,5423.411,0.740,20.630,13.77,0.005699549,6.083081536
238,5075.400,5448.889,0.748,20.850,15.87,,
239.5,5098.300,5474.301,0.743,20.700,16.94,0.006290228,6.747890515
240,5106.000,5482.758,,,,,
241,5121.300,5499.650,0.739,20.580,14.91,0.006339402,6.785655923
241.5,5129.000,5508.085,0.748,20.850,10.78,,
242.5,5144.300,5524.933,0.748,20.857,15.11,,
243.5,5159.600,5541.753,0.754,21.040,15.81,0.006364645,6.837586347
244,5167.200,5550.152,0.760,21.210,14.37,,
245,5174.900,5566.929,0.754,21.024,14.29703016,0.006025644,7.037028913
245.5,5190.214,5575.307,0.750,20.926,14.21221925,,
246.5,5205.500,5592.041,0.739,20.590,13.53,,
247,5213.200,5600.397,0.747,20.810,13.8,0.00645971,6.995838422
247.5,5220.800,5608.746,,,,,
248,5228.500,5617.087,0.735,20.480,14.01,,
248.5,5236.200,5625.422,0.736,20.500,14.43443617,,
249,5243.81317,5633.749,,,,,
249.5,5251.500,5642.069,0.746,20.781,15.39,0.006518151,6.949584369
250,5259.127106,5650.383,,,,,
251,5274.441041,5666.987,0.736,20.492,15.62269564,0.006435107,7.032990835
252,5289.754977,5683.563,,,,,
252.5,5297.411945,5691.840,0.748,20.856,15.42375203,,
253,5305.068913,5700.110,,,,0.00541714,6.953685343
254,5320.382848,5716.628,0.748,20.841,12.185631,,
255.5,5343.353752,5741.352,,,,0.005295077,6.812147578
256,5351.01072,5749.579,0.746,20.793,16.09014274,,
256.5,5358.667688,5757.799,,,,,
257,5366.324655,5766.011,0.759,21.180,13.22658221,0.006011638,6.976111672
257.5,5373.981623,5774.217,0.762,21.276,13.61020506,,
258,5381.638591,5782.415,,,,,
258.5,5389.295559,5790.606,0.757,21.132,12.62363884,,
259,5396.952527,5798.790,0.757,21.123,14.68608826,0.006517457,7.314835504
259.5,5404.609495,5806.967,,,,,
259.5,5404.609495,5806.967,,,,,
260.5,5419.92343,5823.298,0.760,21.194,16.28817241,,
261,5427.580398,5831.454,,,,0.006241914,7.572918355
262,5442.900,5847.742,0.761,21.230,13.37,,
263.5,5465.900,5872.122,0.765,21.350,14.37,0.006840454,7.847284922
265,5488.836141,5896.436,,,,0.006733988,6.629032782
267,5519.464012,5928.755,0.759,21.170,14.8,0.006164201,5.54611537
269,5550.100,5960.960,0.751,20.945,14.88,0.005092109,7.094705551
270.5,5573.100,5985.038,0.769,21.480,8.717,,
271,5580.719755,5993.049,,,,0.00500876,5.019311944
272,5596.000,6009.051,0.746,20.780,11.77,,
273,5611.300,6025.024,0.762,21.260,14.65,0.004742429,4.549592362
274.5,5634.300,6048.929,0.746,20.790,16.33,,
275,5641.975498,6056.884,,,,0.00460974,5.028289023
276.5,5664.900,6080.703,0.750,20.900,13.3,,
277,5672.603369,6088.629,,,,0.002016948,4.419042844
277.5,5680.260337,6096.547,,,,0.002016948,4.419042844
278,5687.900,6104.458,0.756,21.080,11.16,,
278.5,5695.574273,6112.362,,,,,
279,5703.23124,6120.259,,,,0.005292331,5.641354639
280,5718.500,6136.031,0.762,21.260,12.4,,
281.5,5741.500,6159.635,0.755,21.060,10.25,0.006568852,4.415675227
283,5764.486983,6183.174,0.764,21.320,10.46,0.006649105,5.08540629
284.5,5787.500,6206.649,0.756,21.100,11.44,,
285,5795.114855,6214.460,,,,0.006718198,5.568528142
286,5810.400,6230.060,0.766,21.380,9.48,,
287,5825.700,6245.631,0.757,21.120,11.1,0.006789708,5.766687211
287.5,5833.400,6253.406,0.759,21.180,10.56,,
288,5841.100,6261.173,0.747,20.810,13.23,,
289,5856.400,6276.687,0.746,20.810,9.66,0.006056955,6.03207156
290.5,5879.300,6299.903,0.744,20.730,8.93,0.006219862,5.231286533
,,,,,,,
,,,,,,0.005548463,5.444632664
,,,,,,0.006106441,5.859233669
296.5,5971.200,6392.124,0.725,20.184,12.39713659,,
297.5,5986.500,6407.394,0.735,20.464,9.850173414,0.00415247,5.285451999
298,5994.196018,6415.018,0.713,19.815,8.901191819,,
298.5,6001.900,6422.634,0.736,20.297,17.69802584,,
299.5,6017.200,6437.847,0.748,20.840,11.04,0.00604088,5.94613241
300.5,6032.500,6453.030,0.741,20.660,10.33,,
301,6040.137825,6460.611,,,,0.005884835,6.023564584
302,6055.500,6475.752,0.734,20.440,14.9,0.005212155,6.254954279
303.5,6078.400,6498.408,0.727,20.230,12.03,,
305,6101.400,6521.001,0.745,20.770,9.88,0.005895209,5.847935639
306.5,6124.400,6543.528,0.730,20.310,16.86,,
307,6132.02144,6551.023,,,,0.005384536,5.807423328
308,6147.300,6565.991,0.745,20.757,18.33340141,,
309.5,6170.300,6588.390,0.738,20.560,18.76,,
310.5,6185.600,6603.286,0.731,20.340,16.07,0.00468047,6.171130036
312,6208.600,6625.577,0.728,20.250,20.47,,
313.5,6231.600,6647.803,0.735,20.470,16.4,0.004253119,6.257581987
315,6254.500,6669.965,0.740,20.630,17.46,0.005280895,5.950346461
316.5,6277.500,6692.061,0.734,20.430,19.4,,
317,6285.160796,6699.413,,,,0.00423221,5.981914165
318,6300.500,6714.094,0.738,20.550,20.6,,
319.5,6323.400,6736.062,0.739,20.590,18.87,0.00489656,5.980187429
321,6346.400,6757.965,0.733,20.410,14.08,0.004581651,6.15568844
322.5,6369.400,6779.803,0.741,20.640,14.94,,
323,6377.04441,6787.069,,,,0.004310224,6.288542755
324,6392.400,6801.578,0.727,20.240,15.28,,
325.5,6415.300,6823.287,0.742,20.690,16.25,0.006895985,5.969737039
327,6438.300,6844.932,0.746,20.790,13.84,0.006761692,5.510573491
328.5,6461.300,6866.512,0.745,20.750,12.7,,
329,6468.928025,6873.691,,,,0.004126345,5.560321961
330,6484.200,6888.028,0.738,20.560,14.97,,
331,6499.600,6902.335,0.737,20.530,14.27,0.006396955,6.069992873
332.5,6522.500,6923.743,0.754,21.040,18.42,,
333,6530.183767,6930.865,,,,0.006460824,6.788953005
334,6545.500,6945.087,0.740,20.610,22.93,,
335.5,6568.500,6966.366,0.743,20.697,17.74055691,,
337,6591.400,6987.580,0.751,20.930,16.83,,
338.5,6614.410413,7008.729,0.759,21.186,16.44,,
339,6622.067381,7015.765,,,,0.006059101,6.468360394
339.5,6629.724349,7022.793,,,,,
340,6637.381317,7029.814,0.742,20.686,20.96,,
340.5,6645.038285,7036.828,,,,,
341,6652.695253,7043.835,,,,0.005404765,5.979060332
341.5,6660.352221,7050.835,0.744,20.728,17.92,0.005404765,5.979060332
343,6683.300,7071.791,0.741,20.640,19.98,0.005278258,5.872561857
345.5,6721.600,7106.574,0.747,20.830,16.63,0.005685865,5.857932393
346,6729.300,7113.509,0.755,21.070,17.41,,
347,6744.600,7127.357,0.741,20.660,19.05,0.005947389,6.283411414
348.5,6767.500,7148.076,0.744,20.740,16.35,,
349,6775.206738,7154.968,,,,0.00614382,5.888850812
350,6790.500,7168.731,0.764,21.330,12.77,,
350.5,6798.200,7175.601,0.752,20.960,19.76,,
351,6805.834609,7182.464,,,,0.005238591,6.358943321
352,6821.100,7196.169,0.735,20.470,23.08,,
353.5,6844.100,7216.673,0.765,21.340,10.80670212,0.005694458,6.196909367
355,6867.100,7237.112,0.773827996,21.61,9.10359302,0.00437176,6.778668784
356.5,6890.100,7257.486,0.748,20.840,13.16,,
357,6897.718224,7264.264,,,,0.004139355,7.480329315
358,6913.000,7277.796,0.748,20.860,21.2,,
359.5,6936.000,7298.042,0.747,20.830,19.01,0.003925861,7.969051698
361,6959.000,7318.222,0.743,20.700,20.63,0.00652176,6.055039779
362,6974.300,7331.640,0.743,20.720,16.14,,
363,6989.600,7345.029,0.735,20.470,16.43,0.005499426,5.980455332
364,7004.900,7358.390,0.732,20.370,13.94,,
365.5,7027.900,7378.377,0.742,20.690,16.75,0.005136104,6.132516059
366.5,7043.200,7391.666,0.739,20.580,13.6,,
367,7050.85758,7398.299,,,,0.005326025,5.679353612
368,7066.200,7411.545,0.746,20.800,16.41,,
369.5,7089.100,7431.359,0.737,20.540,17.94,0.00512551,5.731893197
371,7112.100,7451.110,0.745,20.750,17.3,0.00547709,5.375208796
372.5,7135.100,7470.795,0.742,20.670,17.41,,
373,7142.741194,7477.343,,,,0.005513578,5.649704889
374,7158.100,7490.416,0.740,20.610,18.42,,
375.5,7181.000,7509.972,0.741,20.660,17.34,0.005306754,5.475688174
377,7204.000,7529.464,0.750,20.910,20.75,0.005068211,5.663685601
378.5,7227.000,7548.891,0.757,21.130,17.14,,
379,7234.624809,7555.352,,,,0.005722699,5.517063923
380,7249.900,7568.254,0.737,20.540,17.6,,
381.5,7272.909648,7587.551,0.728,20.260,28.083,0.006255853,5.141938815
383,7295.900,7606.785,0.733,20.410,23.35,0.004814207,6.131127414
384.5,7318.900,7625.953,0.747,20.830,13.22,,
385,7326.508423,7632.329,,,,0.004819528,6.215005217
386,7341.800,7645.058,0.741,20.660,17.26,,
387.5,7364.800,7664.097,0.732,20.380,16.24,0.004817595,6.513559052
389,7387.800,7683.072,0.722,20.100,19.16,0.004727685,6.086818195
390.5,7410.700,7701.982,0.740,20.610,16.95,,
391,7418.392037,7708.272,,,,0.004917675,6.372247877
392,7433.700,7720.828,0.730,20.330,14.69,,
393.5,7456.700,7739.609,0.743,20.720,19.02,0.004338516,6.979169872
395,7479.600,7758.326,0.732,20.380,18.66,0.00427427,6.355620744
396.5,7502.600,7776.978,0.729,20.290,15.2,0.004746872,5.980153254
398,7525.600,7795.565,0.736,20.500,15.66,0.005103389,6.080865358
399.5,7548.600,7814.088,0.733,20.410,17.96,0.005627986,6.531204436
401,7571.500,7832.546,0.747,20.830,17.54,,
402.5,7594.500,7850.940,0.754,21.040,12.95,,
403,7602.200,7857.057,,,,0.005495725,6.643048963
403.5,7609.800,7863.166,,,,,
404,7617.500,7869.269,0.757,21.120,16.59,,
405,7632.787136,7881.452,,,,,
405.5,7640.400,7887.533,0.754,21.020,15.16,0.005734753,6.542123125
407,7663.400,7905.733,0.751,20.930,13.48,0.005772024,6.542364186
408.5,7686.400,7923.868,0.752,20.970,18.75,,
409,7694.042879,7929.899,,,,0.005431771,6.405773967
410,7709.400,7941.939,0.752,20.970,16.42,,
411.5,7732.300,7959.945,0.758,21.155,15.34,0.005601048,6.26447736
413,7755.300,7977.886,0.747,20.820,15.51,0.005750358,6.569393754
413.5,7763.000,7983.853,0.752,20.970,15.96,,
414,7770.600,7989.812,0.745,20.750,17.06,,
415,7785.900,8001.708,0.727,20.230,5.966792567,0.003436812,6.816072289
415.5,7793.600,8007.645,0.746,20.800,4.689621554,0.003436812,6.816072289
416.5,7808.900,8019.499,0.726,20.210,7,0.003941961,6.761547792
418,7831.900,8037.225,0.741,20.660,6.93,0.002560476,7.569958292
419.5,7854.800,8054.886,0.747,20.810,7.922664237,,
420,7862.496172,8060.759,,,,0.002484864,7.337157069
421.5,7885.500,8078.335,0.762,21.250,10.05612536,,
422,7893.124043,8084.179,,,,0.002131856,8.507113198
423,7908.400,8095.845,0.756,21.100,8.133494398,,
424.5,7931.400,8113.292,0.739,20.590,7.316179408,0.002918323,8.301076112
426,7954.400,8130.673,0.732,20.390,14.2,0.003343371,7.367440521
427.5,7977.400,8147.990,0.741,20.660,11.48,,
428,7985.007657,8153.748,,,,0.004433924,5.998225398
429,8000.300,8165.243,0.754,21.040,16.01,,
430.5,8023.300,8182.431,0.725,20.180,14.48,0.004142385,6.042992512
432,8046.300,8199.554,0.745,20.760,12.74,0.004964175,6.280180877
434,8076.900,8222.284,0.726,20.220,21.88453005,0.004832216,6.433491203
436.5,8115.200,8250.536,0.740,20.612,18.44270195,0.004519363,6.362086875
438.5,8145.800,8273.008,0.739,20.590,22.62425897,0.004441783,6.485075772
440.5,8176.400,8295.365,0.735,20.460,22.18710626,0.004801313,6.297555472
442.5,8207.100,8317.608,0.722,20.075,11.800,0.004643558,6.142097242
444,8230.000,8334.214,0.734,20.450,14.33,0.004065985,5.861284754
445.5,8253.000,8350.756,0.728,20.270,15.62,,
446,8260.658499,8356.256,,,,0.004321187,6.03087214
447,8276.000,8367.234,0.735,20.480,13,,
448.5,8298.900,8383.646,0.740,20.610,15.56,0.003873854,5.931098794
450,8321.900,8399.995,0.739,20.590,17.13,0.004256017,6.536305755
451.5,8344.900,8416.278,0.743,20.700,12.54,,
452,8352.542113,8421.692,,,,0.005740895,5.987728715
453,8367.900,8432.497,0.730,20.310,14.1,,
454.5,8390.800,8448.651,0.742,20.670,11.89,0.005628304,6.291017893
456,8413.800,8464.741,0.731,20.360,13.61,0.004513919,6.310180929
457.5,8436.800,8480.766,0.736,20.500,15.76,,
458,8444.425727,8486.094,,,,0.005003898,6.345248238
459,8459.700,8496.727,0.739,20.600,17.085,,
460.5,8482.700,8512.623,0.746,20.790,11.93,0.004619619,7.371047519
462,8505.700,8528.454,0.747,20.830,13.83,0.004405368,6.871695651
463.5,8528.700,8544.221,0.759,21.180,14.22,,
464,8536.309342,8549.462,,,,0.004294814,6.486496481
465,8551.600,8559.923,0.746,20.780,17.25,,
466.5,8574.600,8575.561,0.737,20.530,14.75,0.00410766,6.668597274
468,8597.600,8591.134,0.745,20.750,12.29,0.004211906,6.800651627
469.5,8620.500,8606.642,0.733,20.400,15.39,,
470,8628.192956,8611.797,,,,0.004828388,6.832433047
471,8643.500,8622.086,0.739,20.580,14.21,,
472.5,8666.500,8637.465,0.737,20.520,17.6,0.005357779,6.677902681
474,8689.400,8652.780,0.743,20.700,15.26,0.004755933,7.098575079
475.5,8712.400,8668.030,0.755,21.060,15.89,,
476,8720.07657,8673.099,,,,0.00467039,7.150722227
477,8735.400,8683.215,0.745,20.760,17.43,,
478.5,8758.400,8698.336,0.748,20.840,14.87,0.005425371,6.913790087
480,8781.300,8713.392,0.757,21.110,15.99105335,0.005098658,7.639487435
481,8796.646248,8723.394,,,,,
481.5,8804.303216,8728.384,,,,,
482,8811.960184,8733.367,,,,0.00482242,7.143788282
483,8827.300,8743.311,0.731,20.353,18.29432098,0.004503674,6.704673944
484.5,8850.200,8758.174,0.73239293,20.3939097,17.73202994,0.005091908,7.972766404
485,8857.901991,8763.113,,,,0.004389401,6.482283016
486,8873.200,8772.971,0.742,20.680,16.57361973,,
487.5,8896.200,8787.705,0.734,20.430,18.89344503,0.004610058,7.242747696
489,8919.200,8802.373,0.760,21.200,18.17,0.004665842,7.092543613
490.5,8942.100,8816.977,0.756,21.090,18.03,,
491.5,8957.442573,8826.678,0.764,21.333,16.71626741,0.004305479,7.016796187
492,8965.100,8831.517,0.744,20.730,19.06,,
492.5,8972.756508,8836.349,,,,,
493,8980.400,8841.174,0.734,20.440,16.74387836,0.004036114,7.596338046
494,8995.727412,8850.802,,,,,
494.5,9003.38438,8855.606,,,,,
495,9011.000,8860.402,0.756,21.089,15.51634154,0.004736699,7.493453256
496.5,9034.000,8874.748,0.752,20.970,13.25,,
497,9041.669219,8879.515,,,,0.004763531,7.565531109
498,9057.000,8889.029,0.744,20.740,12.3,,
499.5,9080.000,8903.246,0.745,20.750,16.2,0.004543633,7.970159188
501,9102.900,8917.397,0.737,20.530,16.21,0.004630723,7.06570967
502.5,9125.900,8931.485,0.737,20.530,14.69,,
503,9133.552833,8936.166,,,,0.004525938,7.526267044
504,9148.900,8945.508,0.740,20.620,13.2,,
505.5,9171.800,8959.466,0.769,21.460,12.84,0.003851246,8.54380203
507,9194.800,8973.359,0.765,21.340,16.04,0.004656431,7.040055939
508.5,9217.800,8987.188,0.764,21.310,18.63,,
509,9225.436447,8991.784,,,,0.004345726,7.269126989
510,9240.800,9000.953,0.751,20.940,15.27,,
511.5,9263.700,9014.652,0.757,21.130,15.39,0.004292287,6.978921003
513,9286.700,9028.288,0.769,21.470,15.61,0.004372089,7.530189184
514.5,9309.700,9041.858,0.760,21.200,14.89,,
515,9317.320061,9046.367,,,,0.005365292,7.533913127
516,9332.600,9055.364,0.760,21.200,10.54,,
517.5,9355.600,9068.806,0.766,21.385,13.205,0.004492904,8.127836853
519,9378.600,9082.182,0.768,21.440,14.02,0.003535394,8.054781914
520.5,9401.500,9095.495,0.780,21.797,13.73142471,,
521,9409.203675,9099.918,,,,0.004236699,7.811063637
522,9424.500,9108.742,0.763,21.282,10.30944823,,
523.5,9447.500,9121.925,0.761,21.249,10.99664541,0.00403445,7.411855652
525,9470.459418,9135.044,0.782,21.864,11.17338588,0.003940788,8.699527034
526.5,9493.400,9148.097,0.785,21.951,9.337479079,,
527,9501.087289,9152.434,,,,0.003792591,8.302894799
528,9516.400,9161.087,0.752,20.982,9.52940906,,
529.5,9539.400,9174.011,0.761,21.243,11.29768301,0.003609108,8.193649901
530,9547.029096,9178.305,,,,,
531,9562.300,9186.871,0.761,21.225,13.134505,0.004091842,8.226086988
531.5,9570,9191.144,,,,,
532.5,9585.300,9199.667,0.761,21.226,12.96598409,,
533,9592.970904,9203.918,,,,0.003756973,8.447778135
534,9608.300,9212.398,0.768,21.439,10.45783515,,
535.5,9631.300,9225.064,0.759,21.190,11.61402335,0.002514164,9.814837269
536,9638.900,9229.272,0.753,21.000,12.4907906,,
537,9654.226646,9237.666,,,,0.003568057,8.663267301
537.5,9661.883614,9241.852,,,,,
538,9669.540582,9246.031,,,,,
538.5,9677.200,9250.203,0.774,21.620,13.52,,
539,9684.854518,9254.367,,,,0.00454098,8.585912008
539.5,9692.511485,9258.525,,,,,
540,9700.200,9262.675,0.781,21.830,9.2,,
540.5,9707.825421,9266.818,,,,,
541,9715.482389,9270.954,,,,0.003316396,9.600426958
541.5,9723.100,9275.083,0.776,21.690,10.92,0.003316396,9.600426958
542,9730.796325,9279.205,,,,,
542.5,9738.453292,9283.319,,,,,
543,9746.100,9287.426,0.765,21.350,12.56,0.003843839,7.631221444
544.5,9769.100,9299.705,0.769,21.460,10.92,,
545,9776.738132,9303.784,,,,0.003275127,7.375205497
546,9792.100,9311.919,0.757,21.130,10.97,,
547.5,9815.000,9324.069,0.758,21.140,10.9,0.003467132,7.465421009
549,9838.000,9336.154,0.746,20.800,11.09,0.004083953,7.650699749
550.5,9861.000,9348.174,0.745,20.760,10.93,,
551,9868.621746,9352.167,,,,0.004041006,6.805164862
552,9883.900,9360.130,0.755,21.070,10.82,,
552.5,9891.600,9364.101,0.752,20.980,10.39,,
553,9899.200,9368.064,0.753,21.000,12.36,0.003592785,8.112042664
553.5,9906.900,9372.021,0.763,21.290,11.25,,
554.5,9922.200,9379.913,0.759,21.170,10.99,,
555,9929.900,9383.848,0.759,21.170,10.81,0.003811455,7.85536566
556,9945.200,9391.696,0.753,21.000,10.66,,
557.5,9968.200,9403.415,0.759,21.180,10.11,0.003453413,8.07972231
559,9991.100,9415.069,0.761,21.230,10.42,0.003440682,8.052881485
559.5,9998.790199,9418.940,,,,,
560.5,10014.000,9426.659,0.757,21.120,10.4,,
561,10021.7611,9430.508,,,,0.0044052,7.791693031
562,10037.000,9438.184,0.754,21.020,9.48,,
563,10052.38897,9445.832,,,,0.0049398,6.452075358
,,,,,15.36345309,,
,,,,,4.238407987,0.005190335,
,,,,,,0.001134078,
,,,,,,,
,,,,,,,
,,,,,,,
,,,,,,1.33573E-06,
